{
    "Dense": {
        "mae": 0.20125852602528027,
        "mape": 1.3367892333219455,
        "mse": 0.0913575934157056,
        "rmse": 0.3022541867629059,
        "r2": 0.9110371007196735
    },
    "LSTM": {
        "mae": 0.18979035116652904,
        "mape": 1.612284581143739,
        "mse": 0.08706269083017232,
        "rmse": 0.2950638758475397,
        "r2": 0.9152194239601401
    },
    "BLSTM": {
        "mae": 0.18544422530774565,
        "mape": 1.2492629074189745,
        "mse": 0.0866288811970028,
        "rmse": 0.29432784645188226,
        "r2": 0.9156418624379894
    }
}