{
    "BLSTM": {
        "mae": 0.18544422530774565,
        "mape": 1.2492629074189745,
        "mse": 0.0866288811970028,
        "rmse": 0.29432784645188226,
        "r2": 0.9156418624379894
    }
}