{
    "Dense": {
        "mae": 0.20125852602528027,
        "mape": 1.3367892333219455,
        "mse": 0.0913575934157056,
        "rmse": 0.3022541867629059,
        "r2": 0.9110371007196735
    }
}