{
    "LSTM": {
        "mae": 0.18979035116652904,
        "mape": 1.612284581143739,
        "mse": 0.08706269083017232,
        "rmse": 0.2950638758475397,
        "r2": 0.9152194239601401
    }
}