{
    "LSTM": {
        "mae": 0.17319299231046162,
        "mape": 2.73536141410332,
        "mse": 0.08411808798776452,
        "rmse": 0.29003118450912224,
        "r2": 0.9185902336268778
    }
}