{
    "Dense": {
        "mae": 0.2551404158981006,
        "mape": 2.592156088635164,
        "mse": 0.17533797278730665,
        "rmse": 0.41873377316298077,
        "r2": 0.8303073245907852
    },
    "LSTM": {
        "mae": 0.17319299231046162,
        "mape": 2.73536141410332,
        "mse": 0.08411808798776452,
        "rmse": 0.29003118450912224,
        "r2": 0.9185902336268778
    },
    "BLSTM": {
        "mae": 0.16198743467378932,
        "mape": 2.660236423551137,
        "mse": 0.08138267057597608,
        "rmse": 0.28527648093731117,
        "r2": 0.9212375797298831
    }
}