{
    "Dense": {
        "mae": 0.2551404158981006,
        "mape": 2.592156088635164,
        "mse": 0.17533797278730665,
        "rmse": 0.41873377316298077,
        "r2": 0.8303073245907852
    }
}