{
    "BLSTM": {
        "mae": 0.16198743467378932,
        "mape": 2.660236423551137,
        "mse": 0.08138267057597608,
        "rmse": 0.28527648093731117,
        "r2": 0.9212375797298831
    }
}