{
    "BLSTM": {
        "mae": 0.23141374339353002,
        "mape": 2.0629482583544196,
        "mse": 0.14486233533268372,
        "rmse": 0.3806078498043409,
        "r2": 0.8598590726901525
    }
}