{
    "Dense": {
        "mae": 0.2552853184490566,
        "mape": 2.3479416413015257,
        "mse": 0.15366927311893036,
        "rmse": 0.3920067258593025,
        "r2": 0.8513391739511856
    },
    "LSTM": {
        "mae": 0.2468152320921179,
        "mape": 2.218150948485863,
        "mse": 0.15630923059956436,
        "rmse": 0.3953596218628862,
        "r2": 0.8487852589632422
    },
    "BLSTM": {
        "mae": 0.23141374339353002,
        "mape": 2.0629482583544196,
        "mse": 0.14486233533268372,
        "rmse": 0.3806078498043409,
        "r2": 0.8598590726901525
    }
}