{
    "LSTM": {
        "mae": 0.2468152320921179,
        "mape": 2.218150948485863,
        "mse": 0.15630923059956436,
        "rmse": 0.3953596218628862,
        "r2": 0.8487852589632422
    }
}