{
    "Dense": {
        "mae": 0.2552853184490566,
        "mape": 2.3479416413015257,
        "mse": 0.15366927311893036,
        "rmse": 0.3920067258593025,
        "r2": 0.8513391739511856
    }
}