{
    "Dense": {
        "loss": [
            0.9425980448722839,
            0.6597437262535095,
            0.6239282488822937,
            0.5507886409759521,
            0.575951337814331,
            0.5800737142562866,
            0.5368753671646118,
            0.5327786803245544,
            0.5549610257148743,
            0.5183656215667725,
            0.5414046049118042,
            0.5464701652526855,
            0.49359413981437683,
            0.5544596314430237,
            0.5257441997528076,
            0.530398964881897,
            0.5306218862533569,
            0.5367695093154907,
            0.5256443023681641,
            0.4943588674068451,
            0.5126544833183289,
            0.5636837482452393,
            0.49653273820877075,
            0.47915688157081604,
            0.5005276799201965,
            0.4765849709510803,
            0.4733465909957886,
            0.49020257592201233,
            0.500490665435791,
            0.4757222831249237,
            0.5128805041313171,
            0.49646738171577454,
            0.4745080769062042,
            0.46201395988464355,
            0.48093315958976746,
            0.4724135100841522,
            0.4760048985481262,
            0.5069296956062317,
            0.5171360969543457,
            0.48302727937698364,
            0.4784848392009735,
            0.4672112762928009,
            0.47657474875450134,
            0.46976444125175476,
            0.4671998918056488,
            0.4750088155269623,
            0.47064852714538574,
            0.4591929316520691,
            0.48807650804519653,
            0.47560712695121765
        ],
        "val_loss": [
            0.7188595533370972,
            0.6064733266830444,
            0.5342294573783875,
            0.4995686411857605,
            0.6259233951568604,
            0.5590605139732361,
            0.5270825624465942,
            0.5963482856750488,
            0.501176118850708,
            0.5043777823448181,
            0.5409594774246216,
            0.45095711946487427,
            0.4682529866695404,
            0.5181124210357666,
            0.6683851480484009,
            0.4446447789669037,
            0.44735971093177795,
            0.48117172718048096,
            0.45027491450309753,
            0.4304007887840271,
            0.483807772397995,
            0.4787505865097046,
            0.4885406196117401,
            0.48235541582107544,
            0.4436872899532318,
            0.4419228434562683,
            0.48914310336112976,
            0.4315146207809448,
            0.4682256579399109,
            0.4660511910915375,
            0.4590502977371216,
            0.4637371599674225,
            0.4961613118648529,
            0.4564055800437927,
            0.42419180274009705,
            0.5261579155921936,
            0.43691781163215637,
            0.487570196390152,
            0.46130847930908203,
            0.48727139830589294,
            0.4438807964324951,
            0.4107966423034668,
            0.42527899146080017,
            0.42722776532173157,
            0.45379015803337097,
            0.5005083680152893,
            0.4137263298034668,
            0.4294329583644867,
            0.41624805331230164,
            0.4231904447078705
        ]
    },
    "LSTM": {
        "loss": [
            0.9343907237052917,
            0.9360042810440063,
            0.9225664734840393,
            0.8384402990341187,
            0.8607384562492371,
            0.8430465459823608,
            0.8096517324447632,
            0.982942521572113,
            0.96982741355896,
            0.9650445580482483,
            0.9699641466140747,
            0.8326759934425354,
            0.5651032328605652,
            0.6195058822631836,
            0.5691425800323486,
            0.44368472695350647,
            0.4523017108440399,
            0.4223596155643463,
            0.4455567002296448,
            0.6501430869102478,
            0.43755191564559937,
            0.43268293142318726,
            0.4143643379211426,
            0.45872166752815247,
            0.417510449886322,
            0.4214341342449188,
            0.4236586093902588,
            0.4134838581085205,
            0.4153513014316559,
            0.41065946221351624,
            0.4103606939315796,
            0.6760799884796143,
            0.6268670558929443,
            0.5680676698684692,
            0.9974598288536072,
            0.8963471055030823,
            1.0026063919067383,
            0.8449128866195679,
            0.4954943358898163,
            0.618931233882904,
            0.868008017539978,
            0.8961308002471924,
            0.5354176163673401,
            0.49980586767196655,
            0.4721679389476776,
            0.43879446387290955,
            0.6531630754470825,
            0.49750152230262756,
            0.4671318829059601,
            0.4503277540206909
        ],
        "val_loss": [
            0.9133750796318054,
            1.0054230690002441,
            0.9352349638938904,
            0.882079541683197,
            0.9224061965942383,
            0.8826513290405273,
            0.8157331943511963,
            1.0525866746902466,
            1.0438361167907715,
            1.0541883707046509,
            1.035898208618164,
            0.6153932809829712,
            0.4759441912174225,
            0.4665483236312866,
            0.4379284679889679,
            0.3913792073726654,
            0.390947550535202,
            0.36960235238075256,
            1.108908772468567,
            0.42181631922721863,
            0.3922477960586548,
            0.38729244470596313,
            1.0052156448364258,
            0.37083297967910767,
            0.37037497758865356,
            0.3694145679473877,
            0.3753499388694763,
            0.3669712245464325,
            0.36354684829711914,
            0.36390355229377747,
            0.35837817192077637,
            0.7114707231521606,
            0.7262483239173889,
            0.3907647728919983,
            0.9472268223762512,
            1.0097192525863647,
            1.010453462600708,
            0.6726738810539246,
            0.4061242640018463,
            1.111328363418579,
            1.4307568073272705,
            0.5300074219703674,
            0.45898979902267456,
            0.4431253671646118,
            0.4307376742362976,
            0.40300729870796204,
            0.44949448108673096,
            0.4200213551521301,
            0.4148675501346588,
            0.39547199010849
        ]
    },