{
    "Dense": {
        "loss": [
            0.9425980448722839,
            0.6597437262535095,
            0.6239282488822937,
            0.5507886409759521,
            0.575951337814331,
            0.5800737142562866,
            0.5368753671646118,
            0.5327786803245544,
            0.5549610257148743,
            0.5183656215667725,
            0.5414046049118042,
            0.5464701652526855,
            0.49359413981437683,
            0.5544596314430237,
            0.5257441997528076,
            0.530398964881897,
            0.5306218862533569,
            0.5367695093154907,
            0.5256443023681641,
            0.4943588674068451,
            0.5126544833183289,
            0.5636837482452393,
            0.49653273820877075,
            0.47915688157081604,
            0.5005276799201965,
            0.4765849709510803,
            0.4733465909957886,
            0.49020257592201233,
            0.500490665435791,
            0.4757222831249237,
            0.5128805041313171,
            0.49646738171577454,
            0.4745080769062042,
            0.46201395988464355,
            0.48093315958976746,
            0.4724135100841522,
            0.4760048985481262,
            0.5069296956062317,
            0.5171360969543457,
            0.48302727937698364,
            0.4784848392009735,
            0.4672112762928009,
            0.47657474875450134,
            0.46976444125175476,
            0.4671998918056488,
            0.4750088155269623,
            0.47064852714538574,
            0.4591929316520691,
            0.48807650804519653,
            0.47560712695121765
        ],
        "val_loss": [
            0.7188595533370972,
            0.6064733266830444,
            0.5342294573783875,
            0.4995686411857605,
            0.6259233951568604,
            0.5590605139732361,
            0.5270825624465942,
            0.5963482856750488,
            0.501176118850708,
            0.5043777823448181,
            0.5409594774246216,
            0.45095711946487427,
            0.4682529866695404,
            0.5181124210357666,
            0.6683851480484009,
            0.4446447789669037,
            0.44735971093177795,
            0.48117172718048096,
            0.45027491450309753,
            0.4304007887840271,
            0.483807772397995,
            0.4787505865097046,
            0.4885406196117401,
            0.48235541582107544,
            0.4436872899532318,
            0.4419228434562683,
            0.48914310336112976,
            0.4315146207809448,
            0.4682256579399109,
            0.4660511910915375,
            0.4590502977371216,
            0.4637371599674225,
            0.4961613118648529,
            0.4564055800437927,
            0.42419180274009705,
            0.5261579155921936,
            0.43691781163215637,
            0.487570196390152,
            0.46130847930908203,
            0.48727139830589294,
            0.4438807964324951,
            0.4107966423034668,
            0.42527899146080017,
            0.42722776532173157,
            0.45379015803337097,
            0.5005083680152893,
            0.4137263298034668,
            0.4294329583644867,
            0.41624805331230164,
            0.4231904447078705
        ]
    }
}