{
    "LSTM": {
        "loss": [
            0.9343907237052917,
            0.9360042810440063,
            0.9225664734840393,
            0.8384402990341187,
            0.8607384562492371,
            0.8430465459823608,
            0.8096517324447632,
            0.982942521572113,
            0.96982741355896,
            0.9650445580482483,
            0.9699641466140747,
            0.8326759934425354,
            0.5651032328605652,
            0.6195058822631836,
            0.5691425800323486,
            0.44368472695350647,
            0.4523017108440399,
            0.4223596155643463,
            0.4455567002296448,
            0.6501430869102478,
            0.43755191564559937,
            0.43268293142318726,
            0.4143643379211426,
            0.45872166752815247,
            0.417510449886322,
            0.4214341342449188,
            0.4236586093902588,
            0.4134838581085205,
            0.4153513014316559,
            0.41065946221351624,
            0.4103606939315796,
            0.6760799884796143,
            0.6268670558929443,
            0.5680676698684692,
            0.9974598288536072,
            0.8963471055030823,
            1.0026063919067383,
            0.8449128866195679,
            0.4954943358898163,
            0.618931233882904,
            0.868008017539978,
            0.8961308002471924,
            0.5354176163673401,
            0.49980586767196655,
            0.4721679389476776,
            0.43879446387290955,
            0.6531630754470825,
            0.49750152230262756,
            0.4671318829059601,
            0.4503277540206909
        ],
        "val_loss": [
            0.9133750796318054,
            1.0054230690002441,
            0.9352349638938904,
            0.882079541683197,
            0.9224061965942383,
            0.8826513290405273,
            0.8157331943511963,
            1.0525866746902466,
            1.0438361167907715,
            1.0541883707046509,
            1.035898208618164,
            0.6153932809829712,
            0.4759441912174225,
            0.4665483236312866,
            0.4379284679889679,
            0.3913792073726654,
            0.390947550535202,
            0.36960235238075256,
            1.108908772468567,
            0.42181631922721863,
            0.3922477960586548,
            0.38729244470596313,
            1.0052156448364258,
            0.37083297967910767,
            0.37037497758865356,
            0.3694145679473877,
            0.3753499388694763,
            0.3669712245464325,
            0.36354684829711914,
            0.36390355229377747,
            0.35837817192077637,
            0.7114707231521606,
            0.7262483239173889,
            0.3907647728919983,
            0.9472268223762512,
            1.0097192525863647,
            1.010453462600708,
            0.6726738810539246,
            0.4061242640018463,
            1.111328363418579,
            1.4307568073272705,
            0.5300074219703674,
            0.45898979902267456,
            0.4431253671646118,
            0.4307376742362976,
            0.40300729870796204,
            0.44949448108673096,
            0.4200213551521301,
            0.4148675501346588,
            0.39547199010849
        ]
    }
}