{
    "Dense": {
        "mae": 0.2875898367299797,
        "mape": 0.9408345629555229,
        "mse": 0.33550575929803894,
        "rmse": 0.5792285898486356,
        "r2": 0.6845858643141002
    },
    "LSTM": {
        "mae": 0.2903240800898513,
        "mape": 0.7889657385954135,
        "mse": 0.36347110510463965,
        "rmse": 0.6028856484480616,
        "r2": 0.6582952116731402
    },
    "BLSTM": {
        "mae": 0.3168178006925858,
        "mape": 0.8651051490397277,
        "mse": 0.46581521452452707,
        "rmse": 0.6825065673856384,
        "r2": 0.5620799369107745
    }
}