{
    "Dense": {
        "mae": 0.2875898367299797,
        "mape": 0.9408345629555229,
        "mse": 0.33550575929803894,
        "rmse": 0.5792285898486356,
        "r2": 0.6845858643141002
    }
}