{
    "LSTM": {
        "mae": 0.2903240800898513,
        "mape": 0.7889657385954135,
        "mse": 0.36347110510463965,
        "rmse": 0.6028856484480616,
        "r2": 0.6582952116731402
    }
}